{
  "results": {
    "arc_challenge_mt_es": {
      "acc": 0.4324786324786325,
      "acc_stderr": 0.014489926441754754,
      "acc_norm": 0.4230769230769231,
      "acc_norm_stderr": 0.014449784445415698
    },
    "hellaswag_mt_es": {
      "acc": 0.5061873266481758,
      "acc_stderr": 0.005164133264830497,
      "acc_norm": 0.6551098783870279,
      "acc_norm_stderr": 0.004909736032470867
    },
    "truthfulqa_mc_mt_es": {
      "mc1": 0.2965779467680608,
      "mc1_stderr": 0.016271002369093773,
      "mc2": 0.44729014699882574,
      "mc2_stderr": 0.015285880123313866
    },
    "hendrycksTest_mt_es": {
      "acc": 0.4156996587030717,
      "acc_stderr": 0.01288063772416421,
      "acc_norm": 0.336518771331058,
      "acc_norm_stderr": 0.012349473116371076
    }
  },
  "versions": {
    "arc_challenge_mt_es": 0,
    "hellaswag_mt_es": 0,
    "truthfulqa_mc_mt_es": 1,
    "hendrycksTest_mt_es": 0
  },
  "config": {
    "model": "hf-causal-experimental",
    "model_args": "pretrained=clibrain/lince-mistral-7b-it-es,dtype=bfloat16,use_accelerate=True,trust_remote_code=True",
    "num_fewshot": 0,
    "batch_size": 4,
    "device": null,
    "no_cache": true,
    "limit": null,
    "bootstrap_iters": 100000,
    "description_dict": {}
  }
}