{
  "results": {
    "arc_challenge_mt_es": {
      "acc": 0.3128205128205128,
      "acc_stderr": 0.013560492090917602,
      "acc_norm": 0.3418803418803419,
      "acc_norm_stderr": 0.013873378687203843
    },
    "hellaswag_mt_es": {
      "acc": 0.43524642628547044,
      "acc_stderr": 0.005121035569250459,
      "acc_norm": 0.567633880947301,
      "acc_norm_stderr": 0.005117061936110894
    },
    "hendrycksTest_mt_es": {
      "acc": 0.28464163822525596,
      "acc_stderr": 0.011793440105310768,
      "acc_norm": 0.2744027303754266,
      "acc_norm_stderr": 0.01166195861106241
    },
    "truthfulqa_mc_mt_es": {
      "mc1": 0.25602027883396705,
      "mc1_stderr": 0.015547287277856025,
      "mc2": 0.41025946538383096,
      "mc2_stderr": 0.014644267864325222
    }
  },
  "versions": {
    "arc_challenge_mt_es": 0,
    "hellaswag_mt_es": 0,
    "hendrycksTest_mt_es": 0,
    "truthfulqa_mc_mt_es": 1
  },
  "config": {
    "model": "hf-causal-experimental",
    "model_args": "pretrained=meta-llama/Llama-2-7b-hf,dtype=bfloat16,trust_remote_code=True,use_fast=False",
    "num_fewshot": 0,
    "batch_size": 4,
    "device": null,
    "no_cache": false,
    "limit": null,
    "bootstrap_iters": 100000,
    "description_dict": {}
  }
}
