{
  "results": {
    "arc_challenge": {
      "acc": 0.5017064846416383,
      "acc_stderr": 0.014611305705056983,
      "acc_norm": 0.5401023890784983,
      "acc_norm_stderr": 0.014564318856924848
    },
    "arc_easy": {
      "acc": 0.8089225589225589,
      "acc_stderr": 0.008067265958015936,
      "acc_norm": 0.79503367003367,
      "acc_norm_stderr": 0.008283277600626398
    },
    "boolq": {
      "acc": 0.8373088685015291,
      "acc_stderr": 0.006455313301190398
    },
    "hellaswag": {
      "acc": 0.6123282214698267,
      "acc_stderr": 0.004862232790041565,
      "acc_norm": 0.8109938259310894,
      "acc_norm_stderr": 0.0039071338184280815
    },
    "lambada_openai": {
      "ppl": 3.181289830025231,
      "ppl_stderr": 0.05835786640550837,
      "acc": 0.7574228604696294,
      "acc_stderr": 0.00597181317381967
    },
    "openbookqa": {
      "acc": 0.324,
      "acc_stderr": 0.020950557312477455,
      "acc_norm": 0.44,
      "acc_norm_stderr": 0.022221331534143057
    },
    "piqa": {
      "acc": 0.8063112078346029,
      "acc_stderr": 0.009220384152336643,
      "acc_norm": 0.8210010881392819,
      "acc_norm_stderr": 0.008944220220204939
    },
    "sciq": {
      "acc": 0.959,
      "acc_stderr": 0.006273624021118748,
      "acc_norm": 0.938,
      "acc_norm_stderr": 0.0076298239962803065
    },
    "siqa": {
      "acc": 0.42835209825997955,
      "acc_stderr": 0.011197308262606087,
      "acc_norm": 0.4570112589559877,
      "acc_norm_stderr": 0.01127217546233142
    },
    "winogrande": {
      "acc": 0.739542225730071,
      "acc_stderr": 0.01233483367199829
    }
  },
  "versions": {
    "arc_challenge": 0,
    "arc_easy": 0,
    "boolq": 1,
    "hellaswag": 0,
    "lambada_openai": 0,
    "openbookqa": 0,
    "piqa": 0,
    "sciq": 0,
    "siqa": 0,
    "winogrande": 0
  },
  "config": {
    "model": "gpt2",
    "model_args": "pretrained=mistralai/Mistral-7B-v0.1,dtype=bfloat16,trust_remote_code=True,low_cpu_mem_usage=True,use_fast=False",
    "num_fewshot": 0,
    "batch_size": "8",
    "batch_sizes": [],
    "device": "cuda:0",
    "no_cache": true,
    "limit": null,
    "bootstrap_iters": 100000,
    "description_dict": {}
  }
}
