{
  "results": {
    "hendrycksTest_mt_es": {
      "acc": 0.3726962457337884,
      "acc_stderr": 0.012637056115280274,
      "acc_norm": 0.3051194539249147,
      "acc_norm_stderr": 0.012034262697074917
    },
    "hellaswag_mt_es": {
      "acc": 0.48111798591849797,
      "acc_stderr": 0.005160844769936494,
      "acc_norm": 0.6410283763601451,
      "acc_norm_stderr": 0.004954837075097445
    },
    "arc_challenge_mt_es": {
      "acc": 0.4017094017094017,
      "acc_stderr": 0.014338536679912433,
      "acc_norm": 0.4,
      "acc_norm_stderr": 0.014328422047021528
    },
    "truthfulqa_mc_mt_es": {
      "mc1": 0.2877059569074778,
      "mc1_stderr": 0.016126531693177276,
      "mc2": 0.4474775698513445,
      "mc2_stderr": 0.014789218447914159
    }
  },
  "versions": {
    "hendrycksTest_mt_es": 0,
    "hellaswag_mt_es": 0,
    "arc_challenge_mt_es": 0,
    "truthfulqa_mc_mt_es": 1
  },
  "config": {
    "model": "hf-causal-experimental",
    "model_args": "pretrained=mistralai/Mistral-7B-v0.1,dtype=bfloat16,trust_remote_code=True,use_fast=False",
    "num_fewshot": 0,
    "batch_size": 4,
    "device": null,
    "no_cache": false,
    "limit": null,
    "bootstrap_iters": 100000,
    "description_dict": {}
  }
}
