{
  "results": {
    "truthfulqa_mc_mt_es": {
      "mc1": 0.2370088719898606,
      "mc1_stderr": 0.015148824592453912,
      "mc2": 0.3789672637682837,
      "mc2_stderr": 0.014168619241229785
    },
    "hendrycksTest_mt_es": {
      "acc": 0.2546075085324232,
      "acc_stderr": 0.011385643256200645,
      "acc_norm": 0.2593856655290102,
      "acc_norm_stderr": 0.011455089964628415
    },
    "hellaswag_mt_es": {
      "acc": 0.500533390228291,
      "acc_stderr": 0.005164525768717889,
      "acc_norm": 0.6658843609985065,
      "acc_norm_stderr": 0.004872013703441741
    },
    "arc_challenge_mt_es": {
      "acc": 0.3384615384615385,
      "acc_stderr": 0.013839645184134622,
      "acc_norm": 0.3700854700854701,
      "acc_norm_stderr": 0.014121621753736045
    }
  },
  "versions": {
    "truthfulqa_mc_mt_es": 1,
    "hendrycksTest_mt_es": 0,
    "hellaswag_mt_es": 0,
    "arc_challenge_mt_es": 0
  },
  "config": {
    "model": "hf-causal-experimental",
    "model_args": "pretrained=/fsx/dakota/ckpts/spanish3bculturax-10p-en-95000-hf,dtype=bfloat16,use_accelerate=True,trust_remote_code=True",
    "num_fewshot": 0,
    "batch_size": 4,
    "device": null,
    "no_cache": true,
    "limit": null,
    "bootstrap_iters": 100000,
    "description_dict": {}
  }
}