{
  "results": {
    "hendrycksTest_mt_es": {
      "acc": 0.2675767918088737,
      "acc_stderr": 0.011570036564443434,
      "acc_norm": 0.2668941979522184,
      "acc_norm_stderr": 0.011560652748663481
    },
    "truthfulqa_mc_mt_es": {
      "mc1": 0.2458808618504436,
      "mc1_stderr": 0.01533978370097001,
      "mc2": 0.40346627993617484,
      "mc2_stderr": 0.014380052556201974
    },
    "arc_challenge_mt_es": {
      "acc": 0.33247863247863246,
      "acc_stderr": 0.013778666871508447,
      "acc_norm": 0.3564102564102564,
      "acc_norm_stderr": 0.014007879535501574
    },
    "hellaswag_mt_es": {
      "acc": 0.4669298058459569,
      "acc_stderr": 0.005153220079269392,
      "acc_norm": 0.614252186899936,
      "acc_norm_stderr": 0.005027890183345601
    }
  },
  "versions": {
    "hendrycksTest_mt_es": 0,
    "truthfulqa_mc_mt_es": 1,
    "arc_challenge_mt_es": 0,
    "hellaswag_mt_es": 0
  },
  "config": {
    "model": "hf-causal-experimental",
    "model_args": "pretrained=/fsx/dakota/ckpts/spanish3b_hf_60000,dtype=bfloat16,use_accelerate=True,trust_remote_code=True",
    "num_fewshot": 0,
    "batch_size": 4,
    "device": null,
    "no_cache": true,
    "limit": null,
    "bootstrap_iters": 100000,
    "description_dict": {}
  }
}
