{
  "results": {
    "hellaswag_mt_es": {
      "acc": 0.4855984638361425,
      "acc_stderr": 0.0051623859725412865,
      "acc_norm": 0.6342009814380201,
      "acc_norm_stderr": 0.004975026682536774
    },
    "hendrycksTest_mt_es": {
      "acc": 0.2675767918088737,
      "acc_stderr": 0.011570036564443447,
      "acc_norm": 0.2621160409556314,
      "acc_norm_stderr": 0.01149397626834265
    },
    "arc_challenge_mt_es": {
      "acc": 0.32051282051282054,
      "acc_stderr": 0.0136491649067483,
      "acc_norm": 0.352991452991453,
      "acc_norm_stderr": 0.0139775111782986
    },
    "truthfulqa_mc_mt_es": {
      "mc1": 0.22813688212927757,
      "mc1_stderr": 0.014948746833952154,
      "mc2": 0.3913428500963892,
      "mc2_stderr": 0.014190582693146232
    }
  },
  "versions": {
    "hellaswag_mt_es": 0,
    "hendrycksTest_mt_es": 0,
    "arc_challenge_mt_es": 0,
    "truthfulqa_mc_mt_es": 1
  },
  "config": {
    "model": "hf-causal-experimental",
    "model_args": "pretrained=/fsx/dakota/ckpts/spanish3b_prop_95k_hf,dtype=bfloat16,use_accelerate=True,trust_remote_code=True",
    "num_fewshot": 0,
    "batch_size": 4,
    "device": null,
    "no_cache": true,
    "limit": null,
    "bootstrap_iters": 100000,
    "description_dict": {}
  }
}