{
  "results": {
    "hendrycksTest_mt_es": {
      "acc": 0.27098976109215017,
      "acc_stderr": 0.011616430988214155,
      "acc_norm": 0.26484641638225254,
      "acc_norm_stderr": 0.011532289905254381
    },
    "arc_challenge_mt_es": {
      "acc": 0.3213675213675214,
      "acc_stderr": 0.013658753153395773,
      "acc_norm": 0.3435897435897436,
      "acc_norm_stderr": 0.01388994478140636
    },
    "truthfulqa_mc_mt_es": {
      "mc1": 0.23193916349809887,
      "mc1_stderr": 0.015035633982516974,
      "mc2": 0.37221335378297615,
      "mc2_stderr": 0.014188384040963575
    },
    "hellaswag_mt_es": {
      "acc": 0.4657563473437167,
      "acc_stderr": 0.0051524023316230644,
      "acc_norm": 0.6165991039044165,
      "acc_norm_stderr": 0.005022138643744667
    }
  },
  "versions": {
    "hendrycksTest_mt_es": 0,
    "arc_challenge_mt_es": 0,
    "truthfulqa_mc_mt_es": 1,
    "hellaswag_mt_es": 0
  },
  "config": {
    "model": "hf-causal-experimental",
    "model_args": "pretrained=/fsx/dakota/ckpts/spanish3bculturax-10p-en-30000-hf,dtype=bfloat16,use_accelerate=True,trust_remote_code=True",
    "num_fewshot": 0,
    "batch_size": 4,
    "device": null,
    "no_cache": true,
    "limit": null,
    "bootstrap_iters": 100000,
    "description_dict": {}
  }
}
