{
  "results": {
    "hendrycksTest_mt_es": {
      "acc": 0.25119453924914675,
      "acc_stderr": 0.011334935680098315,
      "acc_norm": 0.2614334470989761,
      "acc_norm_stderr": 0.011484308605697801
    },
    "truthfulqa_mc_mt_es": {
      "mc1": 0.2217997465145754,
      "mc1_stderr": 0.01480004711546918,
      "mc2": 0.3991468666725184,
      "mc2_stderr": 0.014286147827696183
    },
    "hellaswag_mt_es": {
      "acc": 0.46735651802858974,
      "acc_stderr": 0.00515351034199662,
      "acc_norm": 0.6155323234478345,
      "acc_norm_stderr": 0.005024768294031462
    },
    "arc_challenge_mt_es": {
      "acc": 0.31196581196581197,
      "acc_stderr": 0.01355037315356265,
      "acc_norm": 0.35555555555555557,
      "acc_norm_stderr": 0.014000360574274463
    }
  },
  "versions": {
    "hendrycksTest_mt_es": 0,
    "truthfulqa_mc_mt_es": 1,
    "hellaswag_mt_es": 0,
    "arc_challenge_mt_es": 0
  },
  "config": {
    "model": "hf-causal-experimental",
    "model_args": "pretrained=/fsx/dakota/ckpts/spanish3b-orig-60000-hf,dtype=bfloat16,use_accelerate=True,trust_remote_code=True",
    "num_fewshot": 0,
    "batch_size": 4,
    "device": null,
    "no_cache": true,
    "limit": null,
    "bootstrap_iters": 100000,
    "description_dict": {}
  }
}
