{
  "results": {
    "arc_challenge_mt_es": {
      "acc": 0.3683760683760684,
      "acc_stderr": 0.014108074259155376,
      "acc_norm": 0.38803418803418804,
      "acc_norm_stderr": 0.014252508879762055
    },
    "hendrycksTest_mt_es": {
      "acc": 0.3098976109215017,
      "acc_stderr": 0.012086354860586136,
      "acc_norm": 0.30170648464163824,
      "acc_norm_stderr": 0.011996119641481874
    },
    "hellaswag_mt_es": {
      "acc": 0.5139748239812246,
      "acc_stderr": 0.005162511092727382,
      "acc_norm": 0.6759120972903776,
      "acc_norm_stderr": 0.004834340224879935
    },
    "truthfulqa_mc_mt_es": {
      "mc1": 0.2788339670468948,
      "mc1_stderr": 0.015974503236073426,
      "mc2": 0.4162536975175034,
      "mc2_stderr": 0.014932271356465208
    }
  },
  "versions": {
    "arc_challenge_mt_es": 0,
    "hendrycksTest_mt_es": 0,
    "hellaswag_mt_es": 0,
    "truthfulqa_mc_mt_es": 1
  },
  "config": {
    "model": "hf-causal-experimental",
    "model_args": "pretrained=/fsx/dakota/orca/stablelm_spanish_culturax_10p_en_95k_instruct_rest_hf,dtype=bfloat16,use_accelerate=True,trust_remote_code=True",
    "num_fewshot": 0,
    "batch_size": 4,
    "device": null,
    "no_cache": true,
    "limit": null,
    "bootstrap_iters": 100000,
    "description_dict": {}
  }
}