{
  "results": {
    "arc_challenge_mt_es": {
      "acc": 0.3145299145299145,
      "acc_stderr": 0.013580569303750163,
      "acc_norm": 0.3487179487179487,
      "acc_norm_stderr": 0.01393844898482474
    },
    "hendrycksTest_mt_es": {
      "acc": 0.30921501706484644,
      "acc_stderr": 0.01207900592248521,
      "acc_norm": 0.3119453924914676,
      "acc_norm_stderr": 0.01210821720583006
    },
    "hellaswag_mt_es": {
      "acc": 0.4182846170258161,
      "acc_stderr": 0.00509509061569014,
      "acc_norm": 0.5347770428845744,
      "acc_norm_stderr": 0.005152021158675447
    },
    "truthfulqa_mc_mt_es": {
      "mc1": 0.2864385297845374,
      "mc1_stderr": 0.016105280940166403,
      "mc2": 0.42391164867169345,
      "mc2_stderr": 0.015369148992081744
    }
  },
  "versions": {
    "arc_challenge_mt_es": 0,
    "hendrycksTest_mt_es": 0,
    "hellaswag_mt_es": 0,
    "truthfulqa_mc_mt_es": 1
  },
  "config": {
    "model": "hf-causal-experimental",
    "model_args": "pretrained=/fsx/dakota/orca/stablelm_commflan_spanish_instruct_hf,dtype=bfloat16,use_accelerate=True,trust_remote_code=True",
    "num_fewshot": 0,
    "batch_size": 4,
    "device": null,
    "no_cache": true,
    "limit": null,
    "bootstrap_iters": 100000,
    "description_dict": {}
  }
