{
  "results": {
    "hendrycksTest_mt_es": {
      "acc": 0.25324232081911263,
      "acc_stderr": 0.011365471381793663,
      "acc_norm": 0.2614334470989761,
      "acc_norm_stderr": 0.011484308605697803
    },
    "hellaswag_mt_es": {
      "acc": 0.48101130787283974,
      "acc_stderr": 0.0051608030108680645,
      "acc_norm": 0.632600810753147,
      "acc_norm_stderr": 0.004979602317359632
    },
    "arc_challenge_mt_es": {
      "acc": 0.3230769230769231,
      "acc_stderr": 0.013677772420427343,
      "acc_norm": 0.3598290598290598,
      "acc_norm_stderr": 0.014037469945597797
    },
    "truthfulqa_mc_mt_es": {
      "mc1": 0.22686945500633712,
      "mc1_stderr": 0.014919398735157133,
      "mc2": 0.40109391091070273,
      "mc2_stderr": 0.014323586957073248
    }
  },
  "versions": {
    "hendrycksTest_mt_es": 0,
    "hellaswag_mt_es": 0,
    "arc_challenge_mt_es": 0,
    "truthfulqa_mc_mt_es": 1
  },
  "config": {
    "model": "hf-causal-experimental",
    "model_args": "pretrained=/fsx/dakota/ckpts/spanish3b-orig-95000-hf,dtype=bfloat16,use_accelerate=True,trust_remote_code=True",
    "num_fewshot": 0,
    "batch_size": 4,
    "device": null,
    "no_cache": true,
    "limit": null,
    "bootstrap_iters": 100000,
    "description_dict": {}
  }
}
