{
  "results": {
    "truthfulqa_mc_mt_es": {
      "mc1": 0.2864385297845374,
      "mc1_stderr": 0.016105280940166403,
      "mc2": 0.4734452818528333,
      "mc2_stderr": 0.016152991410222195
    },
    "hendrycksTest_mt_es": {
      "acc": 0.2962457337883959,
      "acc_stderr": 0.011933450454687902,
      "acc_norm": 0.310580204778157,
      "acc_norm_stderr": 0.012093673016674094
    },
    "hellaswag_mt_es": {
      "acc": 0.4119906123319821,
      "acc_stderr": 0.005083893936868074,
      "acc_norm": 0.5312566673778536,
      "acc_norm_stderr": 0.005154427554287277
    },
    "arc_challenge_mt_es": {
      "acc": 0.3162393162393162,
      "acc_stderr": 0.013600433090264957,
      "acc_norm": 0.34273504273504274,
      "acc_norm_stderr": 0.013881686713767999
    }
  },
  "versions": {
    "truthfulqa_mc_mt_es": 1,
    "hendrycksTest_mt_es": 0,
    "hellaswag_mt_es": 0,
    "arc_challenge_mt_es": 0
  },
  "config": {
    "model": "hf-causal-experimental",
    "model_args": "pretrained=/fsx/dakota/orca/stablelm_instruct_xtokens_final_wd_round6p_hf,dtype=bfloat16,use_accelerate=True,trust_remote_code=True",
    "num_fewshot": 0,
    "batch_size": 4,
    "device": null,
    "no_cache": true,
    "limit": null,
    "bootstrap_iters": 100000,
    "description_dict": {}
  }
}
